{"stats":{"minecraft:crafted":{"minecraft:cooked_beef":8,"minecraft:oak_boat":1,"minecraft:oak_planks":128,"minecraft:charcoal":17,"minecraft:crafting_table":2,"minecraft:stick":24,"minecraft:wooden_pickaxe":1,"minecraft:stone_pickaxe":2,"minecraft:wooden_axe":1,"minecraft:stone_sword":1,"minecraft:chest":1,"minecraft:furnace":2,"minecraft:torch":60,"minecraft:stone_axe":1,"minecraft:air":0},"minecraft:picked_up":{"minecraft:birch_log":2,"minecraft:raw_iron":2,"minecraft:stick":8,"minecraft:crafting_table":1,"minecraft:andesite":12,"minecraft:leather":2,"minecraft:torch":7,"minecraft:gravel":13,"minecraft:oak_log":49,"minecraft:spider_eye":1,"minecraft:string":4,"minecraft:dirt":22,"minecraft:rotten_flesh":2,"minecraft:apple":4,"minecraft:stone_axe":1,"minecraft:peony":1,"minecraft:wheat_seeds":11,"minecraft:granite":41,"minecraft:beef":8,"minecraft:oak_sapling":13,"minecraft:coal":19,"minecraft:cobblestone":145},"minecraft:dropped":{"minecraft:stone_axe":1},"minecraft:custom":{"minecraft:time_since_rest":40916,"minecraft:interact_with_furnace":25,"minecraft:sprint_one_cm":101854,"minecraft:walk_one_cm":53097,"minecraft:damage_taken":165,"minecraft:mob_kills":8,"minecraft:drop":1,"minecraft:damage_dealt":1148,"minecraft:swim_one_cm":5711,"minecraft:interact_with_crafting_table":10,"minecraft:fly_one_cm":47409,"minecraft:open_chest":13,"minecraft:crouch_one_cm":544,"minecraft:play_time":40916,"minecraft:sneak_time":153,"minecraft:walk_under_water_one_cm":1312,"minecraft:boat_one_cm":13455,"minecraft:jump":274,"minecraft:walk_on_water_one_cm":3723,"minecraft:leave_game":2,"minecraft:time_since_death":40916,"minecraft:total_world_time":40916,"minecraft:fall_one_cm":3402},"minecraft:broken":{"minecraft:stone_pickaxe":2},"minecraft:used":{"minecraft:wooden_axe":17,"minecraft:apple":2,"minecraft:stone_sword":33,"minecraft:stone_pickaxe":268,"minecraft:chest":1,"minecraft:wooden_pickaxe":15,"minecraft:torch":14,"minecraft:stone_axe":32,"minecraft:cobblestone":2,"minecraft:crafting_table":2,"minecraft:furnace":2,"minecraft:birch_log":2,"minecraft:oak_boat":1,"minecraft:cooked_beef":3,"minecraft:golden_boots":1},"minecraft:mined":{"minecraft:iron_ore":2,"minecraft:andesite":12,"minecraft:torch":5,"minecraft:crafting_table":1,"minecraft:granite":59,"minecraft:peony":1,"minecraft:coal_ore":19,"minecraft:grass":92,"minecraft:grass_block":3,"minecraft:oak_log":49,"minecraft:gravel":3,"minecraft:dirt":5,"minecraft:stone":173,"minecraft:frosted_ice":1,"minecraft:wall_torch":2,"minecraft:oak_leaves":2},"minecraft:killed":{"minecraft:zombie":1,"minecraft:spider":3,"minecraft:cow":4}},"DataVersion":3465}