{"stats":{"minecraft:custom":{"minecraft:mob_kills":53,"minecraft:animals_bred":2,"minecraft:interact_with_crafting_table":29,"minecraft:leave_game":3,"minecraft:time_since_death":181804,"minecraft:climb_one_cm":88,"minecraft:sprint_one_cm":472235,"minecraft:walk_one_cm":505297,"minecraft:damage_blocked_by_shield":775,"minecraft:drop":41,"minecraft:play_time":181804,"minecraft:sneak_time":6006,"minecraft:walk_under_water_one_cm":23422,"minecraft:boat_one_cm":252630,"minecraft:jump":2624,"minecraft:walk_on_water_one_cm":47399,"minecraft:total_world_time":181804,"minecraft:interact_with_furnace":65,"minecraft:sleep_in_bed":2,"minecraft:time_since_rest":35545,"minecraft:damage_taken":2358,"minecraft:damage_dealt":9052,"minecraft:swim_one_cm":24870,"minecraft:fly_one_cm":396015,"minecraft:open_chest":16,"minecraft:crouch_one_cm":25356,"minecraft:fall_one_cm":62748,"minecraft:horse_one_cm":708},"minecraft:used":{"minecraft:oak_fence":43,"minecraft:cherry_sapling":8,"minecraft:chest":2,"minecraft:shield":32,"minecraft:iron_sword":127,"minecraft:cooked_chicken":1,"minecraft:rotten_flesh":6,"minecraft:torch":43,"minecraft:dirt":4,"minecraft:carrot":1,"minecraft:tuff":6,"minecraft:granite":1,"minecraft:oak_fence_gate":3,"minecraft:wooden_axe":8,"minecraft:iron_axe":128,"minecraft:crimson_roots":3,"minecraft:oak_sapling":6,"minecraft:cooked_beef":14,"minecraft:cobbled_deepslate":27,"minecraft:crimson_stem":31,"minecraft:cooked_mutton":4,"minecraft:water_bucket":3,"minecraft:diorite":7,"minecraft:stone_pickaxe":129,"minecraft:sugar_cane":14,"minecraft:glow_berries":4,"minecraft:white_bed":1,"minecraft:wooden_hoe":45,"minecraft:apple":1,"minecraft:bread":7,"minecraft:string":34,"minecraft:iron_pickaxe":238,"minecraft:stone_axe":88,"minecraft:cobblestone":28,"minecraft:cooked_porkchop":7,"minecraft:bucket":7,"minecraft:andesite":3,"minecraft:oak_boat":2,"minecraft:brush":14},"minecraft:mined":{"minecraft:tuff":6,"minecraft:white_bed":1,"minecraft:cherry_log":22,"minecraft:grass_block":26,"minecraft:crimson_roots":2,"minecraft:crimson_stem":38,"minecraft:spawner":2,"minecraft:iron_ore":76,"minecraft:cobbled_deepslate":1,"minecraft:andesite":5,"minecraft:deepslate_lapis_ore":3,"minecraft:shroomlight":4,"minecraft:deepslate_iron_ore":61,"minecraft:stone":86,"minecraft:tripwire":6,"minecraft:dandelion":2,"minecraft:torch":1,"minecraft:chest":2,"minecraft:copper_ore":6,"minecraft:tall_grass":6,"minecraft:cobblestone":1,"minecraft:sugar_cane":11,"minecraft:diorite":31,"minecraft:wall_torch":2,"minecraft:nether_wart_block":5,"minecraft:birch_log":7,"minecraft:grass":28,"minecraft:coal_ore":39,"minecraft:oak_log":39,"minecraft:cherry_leaves":6,"minecraft:cobweb":17,"minecraft:gold_ore":2,"minecraft:oak_leaves":10,"minecraft:deepslate":28},"minecraft:dropped":{"minecraft:crimson_stem":20,"minecraft:bread":10,"minecraft:iron_sword":1,"minecraft:cherry_log":22,"minecraft:diamond":2,"minecraft:cobblestone":64,"minecraft:copper_ingot":6,"minecraft:brush":1,"minecraft:torch":10,"minecraft:crimson_roots":3,"minecraft:wooden_axe":2,"minecraft:phantom_membrane":1,"minecraft:dandelion":2,"minecraft:cherry_sapling":8,"minecraft:rotten_flesh":27,"minecraft:lightning_rod":1,"minecraft:shroomlight":8,"minecraft:shield":1,"minecraft:gunpowder":2,"minecraft:spider_eye":7},"minecraft:killed":{"minecraft:cave_spider":4,"minecraft:spider":5,"minecraft:skeleton":9,"minecraft:chicken":1,"minecraft:pig":2,"minecraft:creeper":1,"minecraft:sheep":6,"minecraft:zombie":18,"minecraft:cow":6,"minecraft:enderman":1},"minecraft:picked_up":{"minecraft:wooden_axe":1,"minecraft:wheat":62,"minecraft:chicken":1,"minecraft:wooden_pickaxe":1,"minecraft:string":57,"minecraft:raw_copper":28,"minecraft:shroomlight":8,"minecraft:cobbled_deepslate":27,"minecraft:beef":14,"minecraft:oak_boat":1,"minecraft:light_gray_wool":1,"minecraft:sugar_cane":23,"minecraft:chest":2,"minecraft:phantom_membrane":1,"minecraft:stick":15,"minecraft:raw_iron":137,"minecraft:torch":2,"minecraft:porkchop":4,"minecraft:cherry_log":22,"minecraft:diorite":28,"minecraft:carrot":1,"minecraft:arrow":9,"minecraft:rotten_flesh":53,"minecraft:mutton":9,"minecraft:white_wool":4,"minecraft:cobblestone":80,"minecraft:birch_log":7,"minecraft:feather":1,"minecraft:cooked_beef":2,"minecraft:glow_ink_sac":6,"minecraft:crimson_stem":57,"minecraft:andesite":5,"minecraft:leather":6,"minecraft:tuff":6,"minecraft:oak_log":43,"minecraft:nether_wart_block":6,"minecraft:gunpowder":2,"minecraft:lapis_lazuli":14,"minecraft:dirt":33,"minecraft:bone":5,"minecraft:apple":1,"minecraft:bow":2,"minecraft:wheat_seeds":58,"minecraft:raw_gold":2,"minecraft:iron_ingot":1,"minecraft:cooked_chicken":1,"minecraft:oak_planks":4,"minecraft:iron_sword":1,"minecraft:cooked_porkchop":2,"minecraft:brush":1,"minecraft:dandelion":2,"minecraft:white_bed":1,"minecraft:spider_eye":13,"minecraft:granite":1,"minecraft:cherry_sapling":16,"minecraft:bread":5,"minecraft:oak_sapling":6,"minecraft:coal":36,"minecraft:crimson_roots":6},"minecraft:crafted":{"minecraft:oak_planks":172,"minecraft:lightning_rod":1,"minecraft:cooked_mutton":4,"minecraft:bow":1,"minecraft:iron_boots":1,"minecraft:iron_axe":1,"minecraft:stone_pickaxe":2,"minecraft:oak_fence":45,"minecraft:cooked_beef":12,"minecraft:cooked_porkchop":5,"minecraft:iron_helmet":1,"minecraft:brush":1,"minecraft:iron_sword":1,"minecraft:copper_ingot":11,"minecraft:bucket":1,"minecraft:birch_planks":20,"minecraft:stone_axe":1,"minecraft:bread":19,"minecraft:air":0,"minecraft:oak_fence_gate":4,"minecraft:oak_boat":1,"minecraft:wooden_hoe":1,"minecraft:iron_chestplate":1,"minecraft:shield":2,"minecraft:stick":84,"minecraft:iron_ingot":71,"minecraft:iron_pickaxe":1,"minecraft:iron_leggings":1,"minecraft:torch":116},"minecraft:broken":{"minecraft:stone_pickaxe":1,"minecraft:stone_axe":1,"minecraft:iron_pickaxe":1}},"DataVersion":3465}