{"stats":{"minecraft:custom":{"minecraft:mob_kills":112,"minecraft:animals_bred":18,"minecraft:interact_with_crafting_table":40,"minecraft:leave_game":5,"minecraft:time_since_death":191888,"minecraft:sprint_one_cm":857560,"minecraft:walk_one_cm":485472,"minecraft:damage_blocked_by_shield":1031,"minecraft:drop":43,"minecraft:play_time":191888,"minecraft:sneak_time":8894,"minecraft:walk_under_water_one_cm":29652,"minecraft:jump":4246,"minecraft:walk_on_water_one_cm":62617,"minecraft:total_world_time":191888,"minecraft:interact_with_furnace":137,"minecraft:sleep_in_bed":1,"minecraft:time_since_rest":131810,"minecraft:damage_taken":2710,"minecraft:damage_absorbed":40,"minecraft:damage_dealt":19424,"minecraft:swim_one_cm":69729,"minecraft:fly_one_cm":984654,"minecraft:open_chest":19,"minecraft:crouch_one_cm":22179,"minecraft:fall_one_cm":106672},"minecraft:used":{"minecraft:cherry_sapling":6,"minecraft:flint_and_steel":1,"minecraft:chest":4,"minecraft:shield":37,"minecraft:iron_sword":247,"minecraft:cooked_salmon":3,"minecraft:stone_hoe":102,"minecraft:cooked_chicken":3,"minecraft:torch":257,"minecraft:dirt":31,"minecraft:obsidian":10,"minecraft:wooden_axe":20,"minecraft:lava_bucket":1,"minecraft:oak_stairs":15,"minecraft:bow":4,"minecraft:furnace":13,"minecraft:oak_sapling":24,"minecraft:cooked_beef":11,"minecraft:cobbled_deepslate":29,"minecraft:wheat_seeds":310,"minecraft:cooked_mutton":20,"minecraft:water_bucket":9,"minecraft:stone_pickaxe":234,"minecraft:oak_planks":14,"minecraft:wooden_pickaxe":2,"minecraft:white_wool":20,"minecraft:golden_apple":1,"minecraft:crafting_table":4,"minecraft:white_bed":2,"minecraft:lightning_rod":1,"minecraft:diamond_pickaxe":74,"minecraft:apple":2,"minecraft:diamond_shovel":76,"minecraft:bread":13,"minecraft:iron_pickaxe":130,"minecraft:stone_axe":224,"minecraft:cobblestone":87,"minecraft:cooked_porkchop":8,"minecraft:birch_log":2,"minecraft:bucket":13,"minecraft:brush":11,"minecraft:dandelion":15,"minecraft:bone_meal":74},"minecraft:mined":{"minecraft:diamond_ore":1,"minecraft:tuff":5,"minecraft:oak_sapling":7,"minecraft:farmland":2,"minecraft:deepslate_diamond_ore":10,"minecraft:cherry_log":9,"minecraft:cherry_sapling":1,"minecraft:obsidian":20,"minecraft:granite":2,"minecraft:grass_block":32,"minecraft:furnace":7,"minecraft:iron_ore":60,"minecraft:andesite":12,"minecraft:peony":1,"minecraft:deepslate_iron_ore":33,"minecraft:oak_stairs":1,"minecraft:stone":110,"minecraft:white_wool":4,"minecraft:tripwire":1,"minecraft:crimson_nylium":7,"minecraft:dandelion":15,"minecraft:clay":35,"minecraft:crafting_table":1,"minecraft:torch":11,"minecraft:nether_quartz_ore":24,"minecraft:tall_grass":57,"minecraft:cobblestone":8,"minecraft:deepslate_coal_ore":10,"minecraft:oak_planks":3,"minecraft:diorite":7,"minecraft:wall_torch":7,"minecraft:nether_wart_block":1,"minecraft:birch_log":2,"minecraft:wheat":175,"minecraft:grass":870,"minecraft:coal_ore":69,"minecraft:oak_log":63,"minecraft:gravel":2,"minecraft:dirt":23,"minecraft:cobweb":13,"minecraft:netherrack":13,"minecraft:oak_leaves":16,"minecraft:deepslate":16},"minecraft:dropped":{"minecraft:iron_ingot":1,"minecraft:wheat_seeds":143,"minecraft:cooked_beef":2,"minecraft:oak_log":4,"minecraft:cooked_porkchop":2,"minecraft:cobblestone":3,"minecraft:granite":1,"minecraft:leather_helmet":1,"minecraft:stick":3,"minecraft:brush":1,"minecraft:nether_wart_block":2,"minecraft:bone_meal":1,"minecraft:phantom_membrane":1,"minecraft:string":41,"minecraft:white_wool":6,"minecraft:dandelion":2,"minecraft:cooked_chicken":1,"minecraft:wheat":62,"minecraft:birch_sapling":2,"minecraft:rotten_flesh":27,"minecraft:oak_planks":4,"minecraft:gunpowder":7,"minecraft:peony":1,"minecraft:andesite":5,"minecraft:oak_sapling":4,"minecraft:spider_eye":3},"minecraft:killed":{"minecraft:cave_spider":1,"minecraft:zombified_piglin":1,"minecraft:witch":1,"minecraft:spider":8,"minecraft:phantom":1,"minecraft:skeleton":29,"minecraft:chicken":3,"minecraft:drowned":2,"minecraft:pig":5,"minecraft:zombie_villager":1,"minecraft:salmon":11,"minecraft:hoglin":1,"minecraft:creeper":5,"minecraft:sheep":8,"minecraft:zombie":29,"minecraft:cow":4,"minecraft:enderman":1},"minecraft:picked_up":{"minecraft:wooden_axe":1,"minecraft:crafting_table":1,"minecraft:wheat":148,"minecraft:chicken":3,"minecraft:clay_ball":140,"minecraft:oak_stairs":1,"minecraft:shield":1,"minecraft:string":43,"minecraft:shroomlight":4,"minecraft:cobbled_deepslate":29,"minecraft:beef":11,"minecraft:phantom_membrane":2,"minecraft:birch_sapling":2,"minecraft:furnace":7,"minecraft:egg":4,"minecraft:raw_iron":96,"minecraft:stick":25,"minecraft:oak_fence":2,"minecraft:torch":28,"minecraft:porkchop":11,"minecraft:lightning_rod":1,"minecraft:cherry_log":31,"minecraft:diorite":9,"minecraft:arrow":22,"minecraft:rotten_flesh":28,"minecraft:peony":1,"minecraft:obsidian":20,"minecraft:mutton":15,"minecraft:white_wool":36,"minecraft:cobblestone":165,"minecraft:birch_log":2,"minecraft:feather":1,"minecraft:glow_ink_sac":6,"minecraft:salmon":10,"minecraft:andesite":7,"minecraft:leather":7,"minecraft:flint":3,"minecraft:tuff":3,"minecraft:oak_log":63,"minecraft:nether_wart_block":2,"minecraft:gunpowder":9,"minecraft:dirt":113,"minecraft:bone":24,"minecraft:apple":2,"minecraft:bow":1,"minecraft:wheat_seeds":496,"minecraft:oak_planks":60,"minecraft:brush":1,"minecraft:quartz":23,"minecraft:dandelion":17,"minecraft:spider_eye":3,"minecraft:diamond":12,"minecraft:cherry_sapling":6,"minecraft:granite":1,"minecraft:bone_meal":3,"minecraft:bread":5,"minecraft:oak_sapling":28,"minecraft:coal":82,"minecraft:ender_pearl":1},"minecraft:crafted":{"minecraft:brick":82,"minecraft:oak_planks":160,"minecraft:cooked_chicken":4,"minecraft:furnace":6,"minecraft:bone_meal":72,"minecraft:diamond_shovel":1,"minecraft:cooked_mutton":20,"minecraft:flint_and_steel":1,"minecraft:iron_boots":1,"minecraft:stone_pickaxe":2,"minecraft:chest":4,"minecraft:bricks":20,"minecraft:stone_hoe":1,"minecraft:cooked_beef":13,"minecraft:cooked_porkchop":10,"minecraft:crafting_table":3,"minecraft:iron_helmet":1,"minecraft:iron_sword":2,"minecraft:cooked_salmon":10,"minecraft:leather_helmet":1,"minecraft:bucket":1,"minecraft:stone_axe":3,"minecraft:bread":14,"minecraft:air":0,"minecraft:iron_chestplate":1,"minecraft:diamond_pickaxe":1,"minecraft:charcoal":17,"minecraft:stick":68,"minecraft:iron_ingot":100,"minecraft:iron_pickaxe":1,"minecraft:oak_stairs":16,"minecraft:iron_leggings":1,"minecraft:white_bed":2,"minecraft:torch":256,"minecraft:shears":2},"minecraft:broken":{"minecraft:stone_pickaxe":1,"minecraft:stone_axe":2,"minecraft:iron_sword":1,"minecraft:wooden_axe":1}},"DataVersion":3465}