{"stats":{"minecraft:custom":{"minecraft:jump":26,"minecraft:leave_game":2,"minecraft:play_time":1715,"minecraft:sprint_one_cm":3309,"minecraft:damage_taken":10,"minecraft:time_since_death":1715,"minecraft:walk_one_cm":3857,"minecraft:total_world_time":1715,"minecraft:interact_with_crafting_table":1,"minecraft:open_chest":1,"minecraft:fall_one_cm":962,"minecraft:fly_one_cm":3097,"minecraft:time_since_rest":1715},"minecraft:crafted":{"minecraft:stick":8,"minecraft:stone_pickaxe":1},"minecraft:mined":{"minecraft:birch_log":1,"minecraft:stone":13},"minecraft:used":{"minecraft:wooden_pickaxe":2,"minecraft:stone_pickaxe":11},"minecraft:picked_up":{"minecraft:birch_log":1,"minecraft:cobblestone":13}},"DataVersion":3465}